county,total_access_sites,nearby_access_sites,active_leases,percent_nearby
Camden,8,0,0,0.0
Gates,5,0,0,0.0
Pender,65,65,74,100.0
New Hanover,115,27,7,23.47826086956522
Beaufort,9,2,3,22.22222222222222
Martin,0,0,0,
Pitt,0,0,0,
Greene,0,0,0,
Lenoir,0,0,0,
Brunswick,214,18,2,8.411214953271028
Columbus,0,0,0,
Onslow,70,64,119,91.42857142857143
Carteret,156,120,211,76.92307692307693
Duplin,0,0,0,
Jones,0,0,0,
Craven,15,0,6,0.0
Pamlico,10,2,30,20.0
Hyde,8,6,47,75.0
Dare,137,28,34,20.437956204379564
Tyrrell,5,0,0,0.0
Washington,13,0,0,0.0
Bertie,10,0,0,0.0
Chowan,9,0,0,0.0
Perquimans,6,0,0,0.0
Currituck,30,0,0,0.0
Pasquotank,14,0,0,0.0
Hertford,7,0,0,0.0
